from,to
P1592273, P8041475
P8041475, Pf6d1fb4
P8041475, P9585948
P3c58aa1, P8041475
P58d164c, P8041475
P8041475, P88a8ad4
P68252e3, P8041475
P67d12d8, P8041475
P8041475, P97842ba
P8041475, Pc83f9c3
P8041475, P91589f7
P8041475, P84330a8
P8041475, Pc742055
P57bda72, P8041475
P8041475, Pefa0145
P8041475, Pae0912e
P0fc77cb, P8041475
P248a8f9, P8041475
P8041475, Pd265828
P8041475, P9a524d4
P1592273, Pe822a27
Pe822a27, Pf6d1fb4
P58d164c, Pe822a27
P88a8ad4, Pe822a27
P68252e3, Pe822a27
P84330a8, Pe822a27
P57bda72, Pe822a27
Pae0912e, Pe822a27
P1592273, Pbb00e87
P1592273, Pf6d1fb4
P1592273, P9585948
P1592273, P58d164c
P1592273, P88a8ad4
P1592273, P68252e3
P1592273, P67d12d8
P1592273, P97842ba
P1592273, Pc83f9c3
P1592273, P84330a8
P1592273, Pc742055
P1592273, P57bda72
P1592273, Pefa0145
P1592273, Pae0912e
P1592273, P248a8f9
P1592273, Pd265828
P1592273, P9a524d4
Pbb00e87, Pf6d1fb4
P31a70ec, Pbb00e87
P3c58aa1, Pbb00e87
P58d164c, Pbb00e87
P88a8ad4, Pbb00e87
P68252e3, Pbb00e87
P2b87cec, Pbb00e87
P84330a8, Pbb00e87
P57bda72, Pbb00e87
Pae0912e, Pbb00e87
P248a8f9, Pbb00e87
P0ad5108, Pbb00e87
P9a524d4, Pbb00e87
P9077f02, Pbb00e87
P9585948, Pf6d1fb4
P58d164c, Pf6d1fb4
P88a8ad4, Pf6d1fb4
P68252e3, Pf6d1fb4
P67d12d8, Pf6d1fb4
P97842ba, Pf6d1fb4
Pc83f9c3, Pf6d1fb4
P84330a8, Pf6d1fb4
Pc742055, Pf6d1fb4
P57bda72, Pf6d1fb4
Pefa0145, Pf6d1fb4
Pae0912e, Pf6d1fb4
Pf6d1fb4, Pfef357c
Pd265828, Pf6d1fb4
P9a524d4, Pf6d1fb4
P31a70ec, P68252e3
P31a70ec, P84330a8
P31a70ec, Pa87dc0d
P31a70ec, Pf27fbef
P31a70ec, P4f1844b
P58d164c, P9585948
P88a8ad4, P9585948
P68252e3, P9585948
P67d12d8, P9585948
P9585948, P97842ba
P9585948, Pc83f9c3
P84330a8, P9585948
P9585948, Pc742055
P9585948, Pefa0145
P9585948, Pd265828
P9585948, P9a524d4
P2b87cec, P3c58aa1
P3c58aa1, P4f1844b
P0ad5108, P3c58aa1
P58d164c, P88a8ad4
P58d164c, P68252e3
P58d164c, P67d12d8
P58d164c, P97842ba
P58d164c, Pc83f9c3
P58d164c, P84330a8
P58d164c, Pc742055
P57bda72, P58d164c
P58d164c, Pefa0145
P58d164c, Pae0912e
P58d164c, Pfef357c
P58d164c, Pd265828
P58d164c, P9a524d4
P68252e3, P88a8ad4
P67d12d8, P88a8ad4
P88a8ad4, P97842ba
P88a8ad4, Pc83f9c3
P84330a8, P88a8ad4
P88a8ad4, Pc742055
P57bda72, P88a8ad4
P88a8ad4, Pefa0145
P88a8ad4, Pae0912e
P88a8ad4, Pfef357c
P88a8ad4, Pd265828
P88a8ad4, P9a524d4
P67d12d8, P68252e3
P68252e3, P97842ba
P68252e3, Pc83f9c3
P68252e3, P84330a8
P68252e3, Pc742055
P57bda72, P68252e3
P68252e3, Pefa0145
P68252e3, Pae0912e
P68252e3, Pfef357c
P68252e3, Pd265828
P68252e3, P9a524d4
P67d12d8, P97842ba
P67d12d8, Pc83f9c3
P67d12d8, P84330a8
P57bda72, P67d12d8
P67d12d8, Pd265828
P67d12d8, P9a524d4
P97842ba, Pc83f9c3
P84330a8, P97842ba
P57bda72, P97842ba
P97842ba, Pefa0145
P97842ba, Pae0912e
P97842ba, Pfef357c
P97842ba, Pd265828
P97842ba, P9a524d4
P84330a8, Pc83f9c3
Pc83f9c3, Pefa0145
Pc83f9c3, Pd265828
P9a524d4, Pc83f9c3
P20ada8d, P84330a8
P57bda72, P84330a8
P84330a8, Pefa0145
P84330a8, Pae0912e
P84330a8, Pfef357c
P84330a8, Pd265828
P84330a8, P9a524d4
P57bda72, Pae0912e
P57bda72, Pfef357c
P67d12d8, Pefa0145
Pd265828, Pefa0145
P9a524d4, Pefa0145
Pae0912e, Pfef357c
P1592273, Pfef357c
Pbb00e87, Pfef357c
P9a524d4, Pd265828
P31a70ec, P9a524d4
P4f1844b, Paf80292
P31a70ec, Paf80292
Paf80292, Pbb00e87
P4b3299f, Pbb00e87
P4d72c5c, Pbb00e87
P8d92578, Pbb00e87
Pa41a6fd, Pbb00e87
P57b2427, Pbb00e87
P0cfbafc, Pbb00e87
Pbb00e87, Pfc20d19
P73e4d92, Pbb00e87
Pbb00e87, Pfcfda92
P3c58aa1, P6343c63
P68252e3, Pc60c1c0
P4d72c5c, Pa41a6fd
P4d72c5c, Paf80292
P4d72c5c, P8d92578
P8d92578, Pa41a6fd
P57b2427, P8d92578
P22dfb4d, Pa41a6fd
P0cfbafc, P22dfb4d
